{
  "Extensions": [
    {
      "extensionName": "Terraform",
      "link": "<a href='https://marketplace.visualstudio.com/items?itemName=ms-devlabs.custom-terraform-tasks' target='_blank'><b>Terraform</b></a>",
      "publisherId": "ms-devlabs",
      "extensionId": "custom-terraform-tasks",
      "publisherName": "Microsoft DevLabs",
      "License": "<a href='https://marketplace.visualstudio.com/items?itemName=ms-devlabs.custom-terraform-tasks' target='_blank'>License Terms</a>"
    }
  ]
}