{
  "children": [
    {
      "name": "Sprint 0",
      "structureType": "iteration",
      "hasChildren": false
    },
    {
      "name": "Sprint 1",
      "structureType": "iteration",
      "hasChildren": false
    },
    {
      "name": "Sprint 2",
      "structureType": "iteration",
      "hasChildren": false
    },
    {
      "name": "Sprint 3",
      "structureType": "iteration",
      "hasChildren": false
    },
    {
      "name": "Sprint 4",
      "structureType": "iteration",
      "hasChildren": false
    }
  ],
  "name": "Kainos Landing Zones",
  "structureType": "iteration",
  "hasChildren": true
}