{
  "data": {
    "environment": "AzureCloud",
    "subscriptionId": "",
    "subscriptionName": "",
    "scopeLevel": "ManagementGroup",
    "managementGroupName": "Tenant Root Group",
    "managementGroupId": "832b0908-3585-4294-a01c-7763fc195006"
  },
  "name": "xxx-azgovviz-spn",
  "type": "azurerm",
  "url": "https://management.azure.com/",
  "authorization": {
    "parameters": {
      "tenantId": "832b0908-3585-4294-a01c-7763fc195006",
      "servicePrincipalId": "abcc930f-d3f3-4084-a75a-e2fac9dde034",
      "authenticationType": "spnKey",
      "servicePrincipalKey": "spnKey"
    },
    "scheme": "ServicePrincipal"
  },
  "isShared": false,
  "isReady": true,
  "owner": "Library"
}