{
  "count": 7,
  "value": [
    {
      "id": 3,
      "rev": 6,
      "fields": {
        "System.AreaPath": "Kainos Landing Zones",
        "System.TeamProject": "Kainos Landing Zones",
        "System.IterationPath": "$ProjectName$\\Sprint 1",
        "System.WorkItemType": "Feature",
        "System.State": "New",
        "System.Reason": "New",
        "System.CreatedDate": "2023-02-06T09:47:45.623Z",
        "System.CreatedBy": "Philip Street <philip.street@kainos.com>",
        "System.ChangedDate": "2023-02-14T10:44:16.113Z",
        "System.ChangedBy": "Philip Street <philip.street@kainos.com>",
        "System.Title": "Solution Design & Documentation",
        "Microsoft.VSTS.Scheduling.Effort": 0.0,
        "System.Description": null,
        "System.AssignedTo": null,
        "Microsoft.VSTS.Scheduling.RemainingWork": 0.0,
        "Microsoft.VSTS.Common.Priority": 2.0,
        "System.BoardLane": null,
        "System.Tags": null,
        "Microsoft.VSTS.TCM.Steps": null,
        "Microsoft.VSTS.TCM.Parameters": null,
        "Microsoft.VSTS.TCM.LocalDataSource": null,
        "Microsoft.VSTS.TCM.AutomationStatus": null,
        "System.History": null
      },
      "relations": [
        {
          "rel": "System.LinkTypes.Hierarchy-Reverse",
          "url": "https://dev.azure.com/Kainos-ALZ/_apis/wit/workItems/2",
          "attributes": {
            "isLocked": "false",
            "name": "Parent"
          }
        },
        {
          "rel": "System.LinkTypes.Hierarchy-Forward",
          "url": "https://dev.azure.com/Kainos-ALZ/_apis/wit/workItems/5",
          "attributes": {
            "isLocked": "false",
            "name": "Child"
          }
        },
        {
          "rel": "System.LinkTypes.Hierarchy-Forward",
          "url": "https://dev.azure.com/Kainos-ALZ/_apis/wit/workItems/911",
          "attributes": {
            "isLocked": "false",
            "name": "Child"
          }
        }
      ],
      "url": "https://dev.azure.com/Kainos-ALZ/_apis/wit/workItems/3"
    },
    {
      "id": 4,
      "rev": 10,
      "fields": {
        "System.AreaPath": "Kainos Landing Zones",
        "System.TeamProject": "Kainos Landing Zones",
        "System.IterationPath": "Kainos Landing Zones",
        "System.WorkItemType": "Feature",
        "System.State": "Closed",
        "System.Reason": "Acceptance tests pass",
        "System.CreatedDate": "2023-02-06T09:49:38.27Z",
        "System.CreatedBy": "Philip Street <philip.street@kainos.com>",
        "System.ChangedDate": "2023-02-24T16:46:58.043Z",
        "System.ChangedBy": "Ashley Rutland <Ashley.rutland@kainos.com>",
        "System.Title": "ALZ Standard Tier v1",
        "Microsoft.VSTS.Scheduling.Effort": 0.0,
        "System.Description": "<div>Area to capture bug found in V1 testing&nbsp; </div>",
        "System.AssignedTo": "Ashley Rutland <Ashley.rutland@kainos.com>",
        "Microsoft.VSTS.Scheduling.RemainingWork": 0.0,
        "Microsoft.VSTS.Common.Priority": 2.0,
        "System.BoardLane": null,
        "System.Tags": null,
        "Microsoft.VSTS.TCM.Steps": null,
        "Microsoft.VSTS.TCM.Parameters": null,
        "Microsoft.VSTS.TCM.LocalDataSource": null,
        "Microsoft.VSTS.TCM.AutomationStatus": null,
        "System.History": null
      },
      "relations": [
        {
          "rel": "System.LinkTypes.Hierarchy-Forward",
          "url": "https://dev.azure.com/Kainos-ALZ/_apis/wit/workItems/248",
          "attributes": {
            "isLocked": "false",
            "name": "Child"
          }
        },
        {
          "rel": "System.LinkTypes.Hierarchy-Forward",
          "url": "https://dev.azure.com/Kainos-ALZ/_apis/wit/workItems/54",
          "attributes": {
            "isLocked": "false",
            "name": "Child"
          }
        },
        {
          "rel": "System.LinkTypes.Hierarchy-Forward",
          "url": "https://dev.azure.com/Kainos-ALZ/_apis/wit/workItems/899",
          "attributes": {
            "isLocked": "false",
            "name": "Child"
          }
        },
        {
          "rel": "System.LinkTypes.Hierarchy-Forward",
          "url": "https://dev.azure.com/Kainos-ALZ/_apis/wit/workItems/759",
          "attributes": {
            "isLocked": "false",
            "name": "Child"
          }
        },
        {
          "rel": "System.LinkTypes.Hierarchy-Forward",
          "url": "https://dev.azure.com/Kainos-ALZ/_apis/wit/workItems/33",
          "attributes": {
            "isLocked": "false",
            "name": "Child"
          }
        },
        {
          "rel": "System.LinkTypes.Hierarchy-Reverse",
          "url": "https://dev.azure.com/Kainos-ALZ/_apis/wit/workItems/2",
          "attributes": {
            "isLocked": "false",
            "name": "Parent"
          }
        },
        {
          "rel": "System.LinkTypes.Hierarchy-Forward",
          "url": "https://dev.azure.com/Kainos-ALZ/_apis/wit/workItems/12",
          "attributes": {
            "isLocked": "false",
            "name": "Child"
          }
        },
        {
          "rel": "System.LinkTypes.Hierarchy-Forward",
          "url": "https://dev.azure.com/Kainos-ALZ/_apis/wit/workItems/38",
          "attributes": {
            "isLocked": "false",
            "name": "Child"
          }
        },
        {
          "rel": "System.LinkTypes.Hierarchy-Forward",
          "url": "https://dev.azure.com/Kainos-ALZ/_apis/wit/workItems/39",
          "attributes": {
            "isLocked": "false",
            "name": "Child"
          }
        },
        {
          "rel": "System.LinkTypes.Hierarchy-Forward",
          "url": "https://dev.azure.com/Kainos-ALZ/_apis/wit/workItems/763",
          "attributes": {
            "isLocked": "false",
            "name": "Child"
          }
        },
        {
          "rel": "System.LinkTypes.Hierarchy-Forward",
          "url": "https://dev.azure.com/Kainos-ALZ/_apis/wit/workItems/55",
          "attributes": {
            "isLocked": "false",
            "name": "Child"
          }
        },
        {
          "rel": "System.LinkTypes.Hierarchy-Forward",
          "url": "https://dev.azure.com/Kainos-ALZ/_apis/wit/workItems/52",
          "attributes": {
            "isLocked": "false",
            "name": "Child"
          }
        },
        {
          "rel": "System.LinkTypes.Hierarchy-Forward",
          "url": "https://dev.azure.com/Kainos-ALZ/_apis/wit/workItems/760",
          "attributes": {
            "isLocked": "false",
            "name": "Child"
          }
        },
        {
          "rel": "System.LinkTypes.Hierarchy-Forward",
          "url": "https://dev.azure.com/Kainos-ALZ/_apis/wit/workItems/53",
          "attributes": {
            "isLocked": "false",
            "name": "Child"
          }
        }
      ],
      "url": "https://dev.azure.com/Kainos-ALZ/_apis/wit/workItems/4"
    },
    {
      "id": 23,
      "rev": 5,
      "fields": {
        "System.AreaPath": "Kainos Landing Zones",
        "System.TeamProject": "Kainos Landing Zones",
        "System.IterationPath": "Kainos Landing Zones",
        "System.WorkItemType": "Feature",
        "System.State": "Closed",
        "System.Reason": "Acceptance tests pass",
        "System.CreatedDate": "2023-02-08T17:54:03.55Z",
        "System.CreatedBy": "Philip Street <philip.street@kainos.com>",
        "System.ChangedDate": "2023-02-22T08:29:02.37Z",
        "System.ChangedBy": "Ashley Rutland <Ashley.rutland@kainos.com>",
        "System.Title": "ALZ Template ADO Project",
        "Microsoft.VSTS.Scheduling.Effort": 0.0,
        "System.Description": "<div>This feature is intended to create an &quot;ADO Project template&quot; to be used by the Microsoft Azure DevOps Generator (<a href=\"https://learn.microsoft.com/en-us/azure/devops/demo-gen/build-your-own-template?view=azure-devops\">Build an Azure DevOps Demo Generator template | Microsoft Learn</a>) for automating the creation and initialisation of an ADO Project in the customer's ADO organisation, which would be used for managing the delivery of the ALZ Accelerator project. The template would automate the creation of the following items: </div><div><ul><li>repo(s), including cloning Kainos &quot;ALZ Accelerator&quot; repo, creating branches, policies etc </li><li>backlog, including epics, features, stories and tasks </li><li>pipelines, including environments, releases, library items (variable groups etc), etc </li> </ul> </div>",
        "System.AssignedTo": null,
        "Microsoft.VSTS.Scheduling.RemainingWork": 0.0,
        "Microsoft.VSTS.Common.Priority": 2.0,
        "System.BoardLane": null,
        "System.Tags": null,
        "Microsoft.VSTS.TCM.Steps": null,
        "Microsoft.VSTS.TCM.Parameters": null,
        "Microsoft.VSTS.TCM.LocalDataSource": null,
        "Microsoft.VSTS.TCM.AutomationStatus": null,
        "System.History": null
      },
      "relations": [
        {
          "rel": "System.LinkTypes.Hierarchy-Forward",
          "url": "https://dev.azure.com/Kainos-ALZ/_apis/wit/workItems/317",
          "attributes": {
            "isLocked": "false",
            "name": "Child"
          }
        },
        {
          "rel": "System.LinkTypes.Hierarchy-Forward",
          "url": "https://dev.azure.com/Kainos-ALZ/_apis/wit/workItems/315",
          "attributes": {
            "isLocked": "false",
            "name": "Child"
          }
        },
        {
          "rel": "System.LinkTypes.Hierarchy-Forward",
          "url": "https://dev.azure.com/Kainos-ALZ/_apis/wit/workItems/316",
          "attributes": {
            "isLocked": "false",
            "name": "Child"
          }
        },
        {
          "rel": "System.LinkTypes.Hierarchy-Reverse",
          "url": "https://dev.azure.com/Kainos-ALZ/_apis/wit/workItems/2",
          "attributes": {
            "isLocked": "false",
            "name": "Parent"
          }
        },
        {
          "rel": "System.LinkTypes.Hierarchy-Forward",
          "url": "https://dev.azure.com/Kainos-ALZ/_apis/wit/workItems/653",
          "attributes": {
            "isLocked": "false",
            "name": "Child"
          }
        }
      ],
      "url": "https://dev.azure.com/Kainos-ALZ/_apis/wit/workItems/23"
    },
    {
      "id": 24,
      "rev": 7,
      "fields": {
        "System.AreaPath": "Kainos Landing Zones",
        "System.TeamProject": "Kainos Landing Zones",
        "System.IterationPath": "$ProjectName$\\Sprint 0",
        "System.WorkItemType": "Feature",
        "System.State": "Closed",
        "System.Reason": "Acceptance tests pass",
        "System.CreatedDate": "2023-02-08T17:56:53.243Z",
        "System.CreatedBy": "Philip Street <philip.street@kainos.com>",
        "System.ChangedDate": "2023-02-24T11:49:49.99Z",
        "System.ChangedBy": "Ashley Rutland <Ashley.rutland@kainos.com>",
        "System.Title": "Project setup",
        "Microsoft.VSTS.Scheduling.Effort": 0.0,
        "System.Description": "<div>This feature includes all the activities required by the team to get started, including (but not limited to): </div><div><ul><li>Setup Teams </li><li>Setup SharePoint location </li><li>Setup Azure (tenant, subscriptions etc) </li><li>Setup ADO (Organisation, Project etc) </li><li>Setup and decide repo structure </li> </ul> </div>",
        "System.AssignedTo": null,
        "Microsoft.VSTS.Scheduling.RemainingWork": 0.0,
        "Microsoft.VSTS.Common.Priority": 2.0,
        "System.BoardLane": null,
        "System.Tags": null,
        "Microsoft.VSTS.TCM.Steps": null,
        "Microsoft.VSTS.TCM.Parameters": null,
        "Microsoft.VSTS.TCM.LocalDataSource": null,
        "Microsoft.VSTS.TCM.AutomationStatus": null,
        "System.History": null
      },
      "relations": [
        {
          "rel": "System.LinkTypes.Hierarchy-Forward",
          "url": "https://dev.azure.com/Kainos-ALZ/_apis/wit/workItems/1",
          "attributes": {
            "isLocked": "false",
            "name": "Child"
          }
        },
        {
          "rel": "System.LinkTypes.Hierarchy-Forward",
          "url": "https://dev.azure.com/Kainos-ALZ/_apis/wit/workItems/26",
          "attributes": {
            "isLocked": "false",
            "name": "Child"
          }
        },
        {
          "rel": "System.LinkTypes.Hierarchy-Reverse",
          "url": "https://dev.azure.com/Kainos-ALZ/_apis/wit/workItems/2",
          "attributes": {
            "isLocked": "false",
            "name": "Parent"
          }
        },
        {
          "rel": "System.LinkTypes.Hierarchy-Forward",
          "url": "https://dev.azure.com/Kainos-ALZ/_apis/wit/workItems/27",
          "attributes": {
            "isLocked": "false",
            "name": "Child"
          }
        },
        {
          "rel": "System.LinkTypes.Hierarchy-Forward",
          "url": "https://dev.azure.com/Kainos-ALZ/_apis/wit/workItems/28",
          "attributes": {
            "isLocked": "false",
            "name": "Child"
          }
        },
        {
          "rel": "System.LinkTypes.Hierarchy-Forward",
          "url": "https://dev.azure.com/Kainos-ALZ/_apis/wit/workItems/25",
          "attributes": {
            "isLocked": "false",
            "name": "Child"
          }
        }
      ],
      "url": "https://dev.azure.com/Kainos-ALZ/_apis/wit/workItems/24"
    },
    {
      "id": 35,
      "rev": 3,
      "fields": {
        "System.AreaPath": "Kainos Landing Zones",
        "System.TeamProject": "Kainos Landing Zones",
        "System.IterationPath": "Kainos Landing Zones",
        "System.WorkItemType": "Feature",
        "System.State": "New",
        "System.Reason": "New",
        "System.CreatedDate": "2023-02-08T18:17:06.35Z",
        "System.CreatedBy": "Philip Street <philip.street@kainos.com>",
        "System.ChangedDate": "2023-02-14T10:43:52.907Z",
        "System.ChangedBy": "Philip Street <philip.street@kainos.com>",
        "System.Title": "Delivery Documentation",
        "Microsoft.VSTS.Scheduling.Effort": 0.0,
        "System.Description": null,
        "System.AssignedTo": null,
        "Microsoft.VSTS.Scheduling.RemainingWork": 0.0,
        "Microsoft.VSTS.Common.Priority": 2.0,
        "System.BoardLane": null,
        "System.Tags": null,
        "Microsoft.VSTS.TCM.Steps": null,
        "Microsoft.VSTS.TCM.Parameters": null,
        "Microsoft.VSTS.TCM.LocalDataSource": null,
        "Microsoft.VSTS.TCM.AutomationStatus": null,
        "System.History": null
      },
      "relations": [
        {
          "rel": "System.LinkTypes.Hierarchy-Forward",
          "url": "https://dev.azure.com/Kainos-ALZ/_apis/wit/workItems/1178",
          "attributes": {
            "isLocked": "false",
            "name": "Child"
          }
        },
        {
          "rel": "System.LinkTypes.Hierarchy-Forward",
          "url": "https://dev.azure.com/Kainos-ALZ/_apis/wit/workItems/29",
          "attributes": {
            "isLocked": "false",
            "name": "Child"
          }
        },
        {
          "rel": "System.LinkTypes.Hierarchy-Forward",
          "url": "https://dev.azure.com/Kainos-ALZ/_apis/wit/workItems/30",
          "attributes": {
            "isLocked": "false",
            "name": "Child"
          }
        },
        {
          "rel": "System.LinkTypes.Hierarchy-Forward",
          "url": "https://dev.azure.com/Kainos-ALZ/_apis/wit/workItems/910",
          "attributes": {
            "isLocked": "false",
            "name": "Child"
          }
        },
        {
          "rel": "System.LinkTypes.Hierarchy-Forward",
          "url": "https://dev.azure.com/Kainos-ALZ/_apis/wit/workItems/909",
          "attributes": {
            "isLocked": "false",
            "name": "Child"
          }
        },
        {
          "rel": "System.LinkTypes.Hierarchy-Forward",
          "url": "https://dev.azure.com/Kainos-ALZ/_apis/wit/workItems/22",
          "attributes": {
            "isLocked": "false",
            "name": "Child"
          }
        },
        {
          "rel": "System.LinkTypes.Hierarchy-Forward",
          "url": "https://dev.azure.com/Kainos-ALZ/_apis/wit/workItems/13",
          "attributes": {
            "isLocked": "false",
            "name": "Child"
          }
        },
        {
          "rel": "System.LinkTypes.Hierarchy-Forward",
          "url": "https://dev.azure.com/Kainos-ALZ/_apis/wit/workItems/21",
          "attributes": {
            "isLocked": "false",
            "name": "Child"
          }
        },
        {
          "rel": "System.LinkTypes.Hierarchy-Forward",
          "url": "https://dev.azure.com/Kainos-ALZ/_apis/wit/workItems/20",
          "attributes": {
            "isLocked": "false",
            "name": "Child"
          }
        },
        {
          "rel": "System.LinkTypes.Hierarchy-Reverse",
          "url": "https://dev.azure.com/Kainos-ALZ/_apis/wit/workItems/2",
          "attributes": {
            "isLocked": "false",
            "name": "Parent"
          }
        }
      ],
      "url": "https://dev.azure.com/Kainos-ALZ/_apis/wit/workItems/35"
    },
    {
      "id": 37,
      "rev": 5,
      "fields": {
        "System.AreaPath": "Kainos Landing Zones",
        "System.TeamProject": "Kainos Landing Zones",
        "System.IterationPath": "$ProjectName$\\Sprint 4",
        "System.WorkItemType": "Feature",
        "System.State": "Active",
        "System.Reason": "Implementation started",
        "System.CreatedDate": "2023-02-13T10:32:41.79Z",
        "System.CreatedBy": "Philip Street <philip.street@kainos.com>",
        "System.ChangedDate": "2023-03-03T14:07:04.173Z",
        "System.ChangedBy": "Ashley Rutland <Ashley.rutland@kainos.com>",
        "System.Title": "ALZ Standard Tier v2",
        "Microsoft.VSTS.Scheduling.Effort": 0.0,
        "System.Description": null,
        "System.AssignedTo": "Ashley Rutland <Ashley.rutland@kainos.com>",
        "Microsoft.VSTS.Scheduling.RemainingWork": 0.0,
        "Microsoft.VSTS.Common.Priority": 2.0,
        "System.BoardLane": null,
        "System.Tags": null,
        "Microsoft.VSTS.TCM.Steps": null,
        "Microsoft.VSTS.TCM.Parameters": null,
        "Microsoft.VSTS.TCM.LocalDataSource": null,
        "Microsoft.VSTS.TCM.AutomationStatus": null,
        "System.History": null
      },
      "relations": [
        {
          "rel": "System.LinkTypes.Hierarchy-Forward",
          "url": "https://dev.azure.com/Kainos-ALZ/_apis/wit/workItems/1164",
          "attributes": {
            "isLocked": "false",
            "name": "Child"
          }
        },
        {
          "rel": "System.LinkTypes.Hierarchy-Forward",
          "url": "https://dev.azure.com/Kainos-ALZ/_apis/wit/workItems/1161",
          "attributes": {
            "isLocked": "false",
            "name": "Child"
          }
        },
        {
          "rel": "System.LinkTypes.Hierarchy-Forward",
          "url": "https://dev.azure.com/Kainos-ALZ/_apis/wit/workItems/1144",
          "attributes": {
            "isLocked": "false",
            "name": "Child"
          }
        },
        {
          "rel": "System.LinkTypes.Hierarchy-Forward",
          "url": "https://dev.azure.com/Kainos-ALZ/_apis/wit/workItems/1162",
          "attributes": {
            "isLocked": "false",
            "name": "Child"
          }
        },
        {
          "rel": "System.LinkTypes.Hierarchy-Forward",
          "url": "https://dev.azure.com/Kainos-ALZ/_apis/wit/workItems/1048",
          "attributes": {
            "isLocked": "false",
            "name": "Child"
          }
        },
        {
          "rel": "System.LinkTypes.Hierarchy-Forward",
          "url": "https://dev.azure.com/Kainos-ALZ/_apis/wit/workItems/1151",
          "attributes": {
            "isLocked": "false",
            "name": "Child"
          }
        },
        {
          "rel": "System.LinkTypes.Hierarchy-Forward",
          "url": "https://dev.azure.com/Kainos-ALZ/_apis/wit/workItems/51",
          "attributes": {
            "isLocked": "false",
            "name": "Child"
          }
        },
        {
          "rel": "System.LinkTypes.Hierarchy-Forward",
          "url": "https://dev.azure.com/Kainos-ALZ/_apis/wit/workItems/1149",
          "attributes": {
            "isLocked": "false",
            "name": "Child"
          }
        },
        {
          "rel": "System.LinkTypes.Hierarchy-Forward",
          "url": "https://dev.azure.com/Kainos-ALZ/_apis/wit/workItems/45",
          "attributes": {
            "isLocked": "false",
            "name": "Child"
          }
        },
        {
          "rel": "System.LinkTypes.Hierarchy-Reverse",
          "url": "https://dev.azure.com/Kainos-ALZ/_apis/wit/workItems/2",
          "attributes": {
            "isLocked": "false",
            "name": "Parent"
          }
        },
        {
          "rel": "System.LinkTypes.Hierarchy-Forward",
          "url": "https://dev.azure.com/Kainos-ALZ/_apis/wit/workItems/58",
          "attributes": {
            "isLocked": "false",
            "name": "Child"
          }
        },
        {
          "rel": "System.LinkTypes.Hierarchy-Forward",
          "url": "https://dev.azure.com/Kainos-ALZ/_apis/wit/workItems/19",
          "attributes": {
            "isLocked": "false",
            "name": "Child"
          }
        },
        {
          "rel": "System.LinkTypes.Hierarchy-Forward",
          "url": "https://dev.azure.com/Kainos-ALZ/_apis/wit/workItems/1160",
          "attributes": {
            "isLocked": "false",
            "name": "Child"
          }
        },
        {
          "rel": "System.LinkTypes.Hierarchy-Forward",
          "url": "https://dev.azure.com/Kainos-ALZ/_apis/wit/workItems/1159",
          "attributes": {
            "isLocked": "false",
            "name": "Child"
          }
        },
        {
          "rel": "System.LinkTypes.Hierarchy-Forward",
          "url": "https://dev.azure.com/Kainos-ALZ/_apis/wit/workItems/1152",
          "attributes": {
            "isLocked": "false",
            "name": "Child"
          }
        },
        {
          "rel": "System.LinkTypes.Hierarchy-Forward",
          "url": "https://dev.azure.com/Kainos-ALZ/_apis/wit/workItems/1175",
          "attributes": {
            "isLocked": "false",
            "name": "Child"
          }
        },
        {
          "rel": "System.LinkTypes.Hierarchy-Forward",
          "url": "https://dev.azure.com/Kainos-ALZ/_apis/wit/workItems/1146",
          "attributes": {
            "isLocked": "false",
            "name": "Child"
          }
        },
        {
          "rel": "System.LinkTypes.Hierarchy-Forward",
          "url": "https://dev.azure.com/Kainos-ALZ/_apis/wit/workItems/1142",
          "attributes": {
            "isLocked": "false",
            "name": "Child"
          }
        },
        {
          "rel": "System.LinkTypes.Hierarchy-Forward",
          "url": "https://dev.azure.com/Kainos-ALZ/_apis/wit/workItems/1163",
          "attributes": {
            "isLocked": "false",
            "name": "Child"
          }
        },
        {
          "rel": "System.LinkTypes.Hierarchy-Forward",
          "url": "https://dev.azure.com/Kainos-ALZ/_apis/wit/workItems/1147",
          "attributes": {
            "isLocked": "false",
            "name": "Child"
          }
        }
      ],
      "url": "https://dev.azure.com/Kainos-ALZ/_apis/wit/workItems/37"
    },
    {
      "id": 1141,
      "rev": 1,
      "fields": {
        "System.AreaPath": "Kainos Landing Zones",
        "System.TeamProject": "Kainos Landing Zones",
        "System.IterationPath": "Kainos Landing Zones",
        "System.WorkItemType": "Feature",
        "System.State": "New",
        "System.Reason": "New",
        "System.CreatedDate": "2023-02-22T11:55:43.017Z",
        "System.CreatedBy": "Ashley Rutland <Ashley.rutland@kainos.com>",
        "System.ChangedDate": "2023-02-22T11:55:43.017Z",
        "System.ChangedBy": "Ashley Rutland <Ashley.rutland@kainos.com>",
        "System.Title": "Backlog Features",
        "Microsoft.VSTS.Scheduling.Effort": 0.0,
        "System.Description": null,
        "System.AssignedTo": null,
        "Microsoft.VSTS.Scheduling.RemainingWork": 0.0,
        "Microsoft.VSTS.Common.Priority": 2.0,
        "System.BoardLane": null,
        "System.Tags": null,
        "Microsoft.VSTS.TCM.Steps": null,
        "Microsoft.VSTS.TCM.Parameters": null,
        "Microsoft.VSTS.TCM.LocalDataSource": null,
        "Microsoft.VSTS.TCM.AutomationStatus": null,
        "System.History": null
      },
      "relations": [
        {
          "rel": "System.LinkTypes.Hierarchy-Forward",
          "url": "https://dev.azure.com/Kainos-ALZ/_apis/wit/workItems/50",
          "attributes": {
            "isLocked": "false",
            "name": "Child"
          }
        },
        {
          "rel": "System.LinkTypes.Hierarchy-Forward",
          "url": "https://dev.azure.com/Kainos-ALZ/_apis/wit/workItems/1143",
          "attributes": {
            "isLocked": "false",
            "name": "Child"
          }
        },
        {
          "rel": "System.LinkTypes.Hierarchy-Forward",
          "url": "https://dev.azure.com/Kainos-ALZ/_apis/wit/workItems/56",
          "attributes": {
            "isLocked": "false",
            "name": "Child"
          }
        },
        {
          "rel": "System.LinkTypes.Hierarchy-Reverse",
          "url": "https://dev.azure.com/Kainos-ALZ/_apis/wit/workItems/2",
          "attributes": {
            "isLocked": "false",
            "name": "Parent"
          }
        },
        {
          "rel": "System.LinkTypes.Hierarchy-Forward",
          "url": "https://dev.azure.com/Kainos-ALZ/_apis/wit/workItems/44",
          "attributes": {
            "isLocked": "false",
            "name": "Child"
          }
        },
        {
          "rel": "System.LinkTypes.Hierarchy-Forward",
          "url": "https://dev.azure.com/Kainos-ALZ/_apis/wit/workItems/1168",
          "attributes": {
            "isLocked": "false",
            "name": "Child"
          }
        },
        {
          "rel": "System.LinkTypes.Hierarchy-Forward",
          "url": "https://dev.azure.com/Kainos-ALZ/_apis/wit/workItems/1145",
          "attributes": {
            "isLocked": "false",
            "name": "Child"
          }
        },
        {
          "rel": "System.LinkTypes.Hierarchy-Forward",
          "url": "https://dev.azure.com/Kainos-ALZ/_apis/wit/workItems/1170",
          "attributes": {
            "isLocked": "false",
            "name": "Child"
          }
        },
        {
          "rel": "System.LinkTypes.Hierarchy-Forward",
          "url": "https://dev.azure.com/Kainos-ALZ/_apis/wit/workItems/36",
          "attributes": {
            "isLocked": "false",
            "name": "Child"
          }
        },
        {
          "rel": "System.LinkTypes.Hierarchy-Forward",
          "url": "https://dev.azure.com/Kainos-ALZ/_apis/wit/workItems/1166",
          "attributes": {
            "isLocked": "false",
            "name": "Child"
          }
        },
        {
          "rel": "System.LinkTypes.Hierarchy-Forward",
          "url": "https://dev.azure.com/Kainos-ALZ/_apis/wit/workItems/1173",
          "attributes": {
            "isLocked": "false",
            "name": "Child"
          }
        },
        {
          "rel": "System.LinkTypes.Hierarchy-Forward",
          "url": "https://dev.azure.com/Kainos-ALZ/_apis/wit/workItems/41",
          "attributes": {
            "isLocked": "false",
            "name": "Child"
          }
        },
        {
          "rel": "System.LinkTypes.Hierarchy-Forward",
          "url": "https://dev.azure.com/Kainos-ALZ/_apis/wit/workItems/1167",
          "attributes": {
            "isLocked": "false",
            "name": "Child"
          }
        },
        {
          "rel": "System.LinkTypes.Hierarchy-Forward",
          "url": "https://dev.azure.com/Kainos-ALZ/_apis/wit/workItems/1174",
          "attributes": {
            "isLocked": "false",
            "name": "Child"
          }
        },
        {
          "rel": "System.LinkTypes.Hierarchy-Forward",
          "url": "https://dev.azure.com/Kainos-ALZ/_apis/wit/workItems/40",
          "attributes": {
            "isLocked": "false",
            "name": "Child"
          }
        },
        {
          "rel": "System.LinkTypes.Hierarchy-Forward",
          "url": "https://dev.azure.com/Kainos-ALZ/_apis/wit/workItems/1049",
          "attributes": {
            "isLocked": "false",
            "name": "Child"
          }
        },
        {
          "rel": "System.LinkTypes.Hierarchy-Forward",
          "url": "https://dev.azure.com/Kainos-ALZ/_apis/wit/workItems/1172",
          "attributes": {
            "isLocked": "false",
            "name": "Child"
          }
        },
        {
          "rel": "System.LinkTypes.Hierarchy-Forward",
          "url": "https://dev.azure.com/Kainos-ALZ/_apis/wit/workItems/1171",
          "attributes": {
            "isLocked": "false",
            "name": "Child"
          }
        },
        {
          "rel": "System.LinkTypes.Hierarchy-Forward",
          "url": "https://dev.azure.com/Kainos-ALZ/_apis/wit/workItems/1169",
          "attributes": {
            "isLocked": "false",
            "name": "Child"
          }
        }
      ],
      "url": "https://dev.azure.com/Kainos-ALZ/_apis/wit/workItems/1141"
    }
  ],
  "HttpStatusCode": 0,
  "Message": null
}